{"iter": [0, 100, 200, 300, 400, 500], "train_loss": [4.288171768188477, 2.4169487953186035, 2.08959698677063, 1.8078562021255493, 1.6656239032745361, 1.6038726568222046], "val_loss": [4.281865119934082, 2.4540092945098877, 2.1602783203125, 1.9631013870239258, 1.8252952098846436, 1.7894827127456665], "lr": [1.9607843137254903e-05, 0.0009728616793536588, 0.0007750000000000001, 0.00047185832004988137, 0.00020528000059645996, 0.0001], "dt_ms": [39464.277029037476, 31365.95892906189, 31611.518621444702, 31536.47255897522, 31563.443899154663, 31566.736936569214], "mfu": [-100.0, 0.6779884281842865, 1.133662994574559, 1.2916421172113062, 1.3788150271896469, 1.2548770640704539]}